{
    "content_scripts": [
        "gedmatch.js", 
        "ftdna.js"
    ], 
    "browser_button": {
        "caption": "Gedcom Solvent", 
        "tooltipText": "Gedcom Solvent", 
        "icon": "icons/button.png"
    }, 
    "creator": "Gene Torkelson", 
    "description": "Extract GEDCOM files from select web sites.", 
    "framework_version": "1.7.9 e39b6ff2fcc8", 
    "homepage_url": "http://github.com/gtorkelson/gedcom-solvent/", 
    "version": "0.9.0", 
    "framework_package_id": "dev", 
    "id": "ddefgfhjigakcbnpjghldgblpjgfcghl", 
    "name": "Gedcom Solvent"
}